Age,Gender,Weight_kg,Height_cm,Activity_Level,Goal,Recommended_Exercise,Recommended_Diet
56,Male,98.8,177.6,Very Active,Lose Weight,Yoga,High Protein
46,Female,70.6,178.6,Lightly Active,Maintain Fitness,Yoga,Low Carb
32,Male,51.7,199.0,Very Active,Lose Weight,Weightlifting,Balanced Diet
25,Other,67.3,153.8,Moderately Active,Maintain Fitness,Swimming,Balanced Diet
38,Other,81.7,165.3,Lightly Active,Lose Weight,Cycling,Low Carb
56,Female,84.0,159.5,Lightly Active,Maintain Fitness,HIIT,Low Carb
36,Male,76.5,163.4,Moderately Active,Lose Weight,Yoga,Keto
40,Other,72.4,174.3,Lightly Active,Gain Muscle,Cycling,Balanced Diet
28,Female,77.6,168.6,Very Active,Lose Weight,Yoga,High Protein
28,Other,79.6,169.7,Sedentary,Lose Weight,Yoga,Keto
41,Other,54.0,192.2,Very Active,Gain Muscle,Yoga,Low Carb
53,Male,68.5,196.5,Sedentary,Lose Weight,HIIT,Low Carb
57,Other,62.1,153.5,Sedentary,Gain Muscle,Swimming,Balanced Diet
41,Male,90.2,160.4,Very Active,Lose Weight,HIIT,Low Carb
20,Other,73.5,183.6,Very Active,Maintain Fitness,Running,High Protein
39,Female,99.2,167.9,Very Active,Maintain Fitness,Cycling,Balanced Diet
19,Other,69.9,162.7,Very Active,Lose Weight,Swimming,Low Carb
41,Male,90.8,164.8,Moderately Active,Lose Weight,Swimming,Balanced Diet
47,Male,89.9,166.1,Lightly Active,Lose Weight,Swimming,Low Carb
55,Female,57.5,192.4,Sedentary,Maintain Fitness,Swimming,Low Carb
19,Other,75.4,156.8,Very Active,Lose Weight,HIIT,Low Carb
38,Other,84.8,185.4,Very Active,Maintain Fitness,Swimming,High Protein
50,Female,92.9,177.6,Very Active,Gain Muscle,Weightlifting,High Protein
29,Other,66.3,164.8,Moderately Active,Maintain Fitness,Cycling,Balanced Diet
39,Other,61.0,171.0,Very Active,Maintain Fitness,Swimming,Low Carb
42,Male,85.6,162.8,Very Active,Gain Muscle,Cycling,Low Carb
44,Other,90.5,180.6,Very Active,Maintain Fitness,Weightlifting,High Protein
59,Other,67.4,154.1,Lightly Active,Lose Weight,Weightlifting,Low Carb
45,Female,54.8,150.3,Moderately Active,Lose Weight,Cycling,High Protein
33,Female,97.0,181.4,Very Active,Maintain Fitness,Yoga,Low Carb
32,Male,69.9,159.7,Sedentary,Lose Weight,Running,Balanced Diet
20,Other,75.9,153.5,Sedentary,Maintain Fitness,Yoga,Low Carb
54,Other,91.9,169.8,Sedentary,Lose Weight,Yoga,Low Carb
24,Other,83.8,152.5,Moderately Active,Lose Weight,HIIT,Keto
38,Male,86.8,194.3,Moderately Active,Maintain Fitness,Yoga,High Protein
26,Male,60.5,151.4,Sedentary,Lose Weight,Swimming,Low Carb
56,Female,77.1,178.9,Very Active,Maintain Fitness,HIIT,Low Carb
35,Male,84.8,171.9,Moderately Active,Lose Weight,HIIT,Keto
21,Other,61.4,183.6,Sedentary,Lose Weight,Weightlifting,Keto
42,Other,58.7,166.4,Sedentary,Gain Muscle,Yoga,High Protein
31,Male,99.1,157.8,Very Active,Gain Muscle,Weightlifting,Keto
26,Other,75.8,199.1,Lightly Active,Maintain Fitness,Cycling,Balanced Diet
43,Other,63.0,191.9,Moderately Active,Gain Muscle,Running,Keto
19,Male,99.8,193.0,Very Active,Maintain Fitness,HIIT,Balanced Diet
37,Male,98.3,162.5,Sedentary,Gain Muscle,Cycling,High Protein
45,Other,77.9,151.9,Sedentary,Lose Weight,Cycling,High Protein
24,Other,94.1,165.2,Very Active,Maintain Fitness,Swimming,High Protein
25,Other,59.4,176.9,Moderately Active,Maintain Fitness,Running,High Protein
52,Female,63.9,166.3,Lightly Active,Lose Weight,Cycling,High Protein
31,Female,85.0,191.4,Lightly Active,Maintain Fitness,Cycling,Balanced Diet
34,Female,92.3,163.6,Sedentary,Maintain Fitness,Running,Balanced Diet
53,Male,92.8,198.3,Moderately Active,Gain Muscle,Running,High Protein
57,Female,70.2,172.9,Lightly Active,Maintain Fitness,Cycling,Keto
21,Male,94.4,192.1,Moderately Active,Lose Weight,Running,Low Carb
19,Male,92.5,159.7,Moderately Active,Gain Muscle,Cycling,High Protein
23,Female,96.8,170.6,Sedentary,Gain Muscle,Cycling,Keto
59,Female,89.3,185.0,Lightly Active,Lose Weight,Swimming,Low Carb
21,Female,83.4,156.9,Very Active,Lose Weight,Yoga,High Protein
46,Other,79.0,156.6,Sedentary,Gain Muscle,Cycling,High Protein
35,Female,68.6,198.5,Lightly Active,Maintain Fitness,Weightlifting,Balanced Diet
43,Other,97.0,185.7,Lightly Active,Gain Muscle,HIIT,Low Carb
51,Male,98.7,152.1,Lightly Active,Lose Weight,Yoga,Low Carb
27,Other,64.2,169.9,Lightly Active,Gain Muscle,Yoga,Keto
53,Female,65.3,171.7,Lightly Active,Lose Weight,Yoga,Balanced Diet
31,Male,74.3,187.2,Moderately Active,Gain Muscle,Swimming,Balanced Diet
48,Male,72.4,162.5,Sedentary,Maintain Fitness,Cycling,Balanced Diet
32,Male,99.7,159.2,Moderately Active,Gain Muscle,Swimming,Balanced Diet
25,Other,58.8,154.0,Very Active,Gain Muscle,Cycling,Low Carb
31,Female,50.9,171.4,Lightly Active,Lose Weight,Swimming,Low Carb
40,Male,74.7,184.4,Sedentary,Lose Weight,Swimming,High Protein
57,Male,58.9,152.9,Lightly Active,Lose Weight,HIIT,High Protein
38,Male,68.3,195.8,Sedentary,Gain Muscle,Weightlifting,Balanced Diet
33,Other,87.2,172.1,Moderately Active,Maintain Fitness,Swimming,Balanced Diet
35,Other,86.0,162.0,Sedentary,Lose Weight,HIIT,Balanced Diet
41,Female,65.4,154.7,Very Active,Lose Weight,Running,High Protein
43,Other,77.1,159.1,Very Active,Gain Muscle,Weightlifting,Keto
42,Male,75.4,196.7,Sedentary,Lose Weight,Swimming,Keto
58,Female,81.8,181.9,Sedentary,Maintain Fitness,Yoga,High Protein
46,Male,62.5,175.8,Sedentary,Maintain Fitness,Running,High Protein
32,Male,79.5,182.9,Sedentary,Lose Weight,Running,High Protein
18,Other,98.9,171.8,Very Active,Lose Weight,HIIT,High Protein
42,Female,74.3,186.5,Lightly Active,Gain Muscle,Running,High Protein
24,Other,95.3,152.4,Sedentary,Maintain Fitness,Weightlifting,High Protein
26,Other,71.7,178.3,Sedentary,Maintain Fitness,Swimming,Balanced Diet
41,Female,67.5,157.9,Very Active,Lose Weight,Swimming,Balanced Diet
18,Male,82.3,156.0,Very Active,Gain Muscle,Yoga,Balanced Diet
25,Male,83.4,167.1,Moderately Active,Maintain Fitness,HIIT,Balanced Diet
41,Female,93.2,154.6,Sedentary,Maintain Fitness,Yoga,High Protein
28,Male,61.5,154.7,Moderately Active,Gain Muscle,Running,Keto
34,Female,75.0,165.6,Very Active,Gain Muscle,Yoga,Low Carb
25,Female,78.6,199.0,Very Active,Maintain Fitness,Weightlifting,High Protein
52,Other,88.4,158.8,Lightly Active,Maintain Fitness,Swimming,Low Carb
52,Female,52.2,150.9,Sedentary,Gain Muscle,Running,Keto
50,Other,99.7,188.2,Moderately Active,Maintain Fitness,Yoga,Balanced Diet
22,Male,73.5,190.3,Very Active,Lose Weight,HIIT,Keto
59,Male,64.0,167.3,Very Active,Lose Weight,Weightlifting,High Protein
56,Male,94.2,173.2,Moderately Active,Gain Muscle,Weightlifting,Balanced Diet
58,Male,87.4,182.5,Lightly Active,Gain Muscle,Yoga,High Protein
45,Other,97.7,152.4,Very Active,Gain Muscle,Swimming,Balanced Diet
24,Male,66.5,197.5,Sedentary,Lose Weight,Yoga,Low Carb
